p;pi+;p+;e+;K
0.5;0.0826506408338937;0.156883765682394;0.696101721938772;0.0572466559479896
0.51718009478673;0.083924723145337;0.155287248093765;0.690628828252751;0.0552885637318879
0.53436018957346;0.0851988054567802;0.153690730505136;0.685155934566731;0.0533304715157862
0.55154028436019;0.0864728877682235;0.152094212916507;0.67968304088071;0.0513723792996845
0.568720379146919;0.0877469700796667;0.150497695327878;0.67421014719469;0.0494142870835828
0.585900473933649;0.08902105239111;0.148901177739248;0.668737253508669;0.0474561948674811
0.603080568720379;0.0902951347025532;0.147304660150619;0.663264359822649;0.0454981026513793
0.620260663507109;0.0915692170139965;0.14570814256199;0.657791466136628;0.0435400104352776
0.637440758293839;0.0928432993254397;0.144111624973361;0.652318572450608;0.0415819182191759
0.654620853080569;0.094117381636883;0.142515107384732;0.646845678764587;0.0396238260030742
0.671800947867299;0.0953914639483262;0.140918589796102;0.641372785078567;0.0376657337869725
0.688981042654028;0.0966655462597695;0.139322072207473;0.635899891392546;0.0357076415708708
0.706161137440758;0.0979396285712127;0.137725554618844;0.630426997706526;0.0337495493547691
0.723341232227488;0.099213710882656;0.136129037030215;0.624954104020505;0.0317914571386674
0.740521327014218;0.100487793194099;0.134532519441586;0.619481210334485;0.0298333649225657
0.757701421800948;0.101761875505542;0.132936001852956;0.614008316648464;0.027875272706464
0.774881516587678;0.103035957816986;0.131339484264327;0.608535422962444;0.0259171804903623
0.792061611374408;0.104310040128429;0.129742966675698;0.603062529276423;0.0239590882742605
0.809241706161137;0.105584122439872;0.128146449087069;0.597589635590403;0.0220009960581588
0.826421800947867;0.106858204751315;0.126549931498439;0.592116741904382;0.0200429038420571
0.843601895734597;0.108132287062759;0.12495341390981;0.586643848218362;0.0180848116259554
0.860781990521327;0.109406369374202;0.123356896321181;0.581170954532341;0.0161267194098537
0.877962085308057;0.110680451685645;0.121760378732552;0.575698060846321;0.014168627193752
0.895142180094787;0.111954533997088;0.120163861143923;0.5702251671603;0.0122105349776503
0.912322274881517;0.113228616308532;0.118567343555293;0.56475227347428;0.0102524427615486
0.929502369668247;0.114502698619975;0.116970825966664;0.559279379788259;0.00829435054544688
0.946682464454976;0.115776780931418;0.115374308378035;0.553806486102239;0.00633625832934518
0.963862559241706;0.117050863242861;0.113777790789406;0.548333592416218;0.00437816611324347
0.981042654028436;0.118324945554305;0.112181273200777;0.544421151095647;0.00242007389714176
0.998222748815166;0.119599027865748;0.115115448989089;0.554484139287266;0.000461981681040062
1.0154028436019;0.120873110177191;0.117450361491147;0.564547127478885;-0.000747695826664432
1.03258293838863;0.121137984991403;0.117407862051259;0.55386874774793;-0.000377037016477318
1.04976303317536;0.119999604694247;0.11736536261137;0.531937113983202;-6.37820629020391E-06
1.06694312796209;0.118861224397092;0.117322863171482;0.54448734359992;0.000364280603896915
1.08412322274882;0.119389608308113;0.117280363731593;0.566197580110038;0.000534252987128726
1.10130331753555;0.131015359251756;0.117237864291705;0.544859853462012;0.000483886063499167
1.11848341232227;0.140131286279309;0.117195364851817;0.523522126813987;0.000433519139869609
1.135663507109;0.140707761220658;0.117152865411928;0.504311860281096;0.00038315221624005
1.15284360189573;0.141284236162006;0.11711036597204;0.50372967766706;0.000332785292610491
1.17002369668246;0.141860711103355;0.116925699140533;0.503147495053025;0.000282418368980933
1.18720379146919;0.158586957492903;0.116658093503094;0.502565312438989;0.000232051445351374
1.20438388625592;0.159848195543768;0.116390487865656;0.489203381583381;0.000181684521721815
1.22156398104265;0.160424670485116;0.116122882228218;0.484411214487702;0.000131317598092257
1.23874407582938;0.161001145426465;0.115855276590779;0.48378051665583;8.0950674462698E-05
1.25592417061611;0.162521416903276;0.115665979189512;0.483149818823959;3.05837508331395E-05
1.27310426540284;0.178938871231472;0.115619674085536;0.478578328396804;2.58332730487348E-05
1.29028436018957;0.179408802949337;0.115573368981559;0.465168870578265;3.64332366096075E-05
1.3074644549763;0.179878734667202;0.115527063877583;0.464575272618856;4.70332001704802E-05
1.32464454976303;0.180348666385067;0.115480758773606;0.463981674659448;5.7633163731353E-05
1.34182464454976;0.19537720357492;0.11543445366963;0.463388076700039;6.82331272922257E-05
1.35900473933649;0.198746837522134;0.115388148565654;0.445950017790808;7.88330908530986E-05
1.37618483412322;0.199357558499603;0.115341843461677;0.445381153079708;8.94330544139713E-05
1.39336492890995;0.199968279477071;0.115295538357701;0.444812288368608;0.000100033017974844
1.41054502369668;0.20057900045454;0.115249233253724;0.444243423657509;0.000110632981535717
1.42772511848341;0.217795737703418;0.115202928149748;0.426629553471846;0.00012123294509659
1.44490521327014;0.21828088988178;0.115156623045772;0.426087324566617;0.000131832908657462
1.46208530805687;0.218766042060143;0.115111216628229;0.425545095661388;0.000142432872218335
1.4792654028436;0.219251194238506;0.115065972881323;0.425002866756159;0.000152400665453036
1.49644549763033;0.233570715242204;0.115020729134417;0.417619557590678;0.000141800701892164
1.51362559241706;0.237516658393071;0.11497548538751;0.406867501039259;0.000131200738331292
1.53080568720379;0.238011323359244;0.114930241640604;0.406348102824777;0.000120600774770419
1.54798578199052;0.238505988325418;0.114884997893698;0.405828704610294;0.000110000811209547
1.56516587677725;0.244254566288215;0.114839754146792;0.405309306395811;9.94008476486748E-05
1.58234597156398;0.256765690737942;0.114794510399886;0.387598415364443;8.88008840878025E-05
1.59952606635071;0.257336458006604;0.11474926665298;0.38711326318608;7.82009205269303E-05
1.61670616113744;0.257907225275266;0.114704022906073;0.386628111007717;6.7600956966058E-05
1.63388625592417;0.258477992543929;0.114658779159167;0.386142958829355;5.70009934051857E-05
1.6510663507109;0.275864847182129;0.114613535412261;0.373369185240394;4.64010298443134E-05
1.66824644549763;0.276310045651685;0.114561759065155;0.36770673177196;3.58010662834411E-05
1.68542654028436;0.276755244121241;0.114501363923936;0.367100767188396;2.52011027225689E-05
1.70260663507109;0.277200442590798;0.114440968782717;0.366494802604833;4.57932457757218E-05
1.71978672985782;0.285399686114368;0.114380573641498;0.363096086156081;0.000135353481287682
1.73696682464455;0.295608484948067;0.114320178500279;0.348418068069904;0.000224913716799642
1.75414691943128;0.296127883162549;0.11425978335906;0.347861569982958;0.000314473952311602
1.77132701421801;0.296647281377032;0.114199388217841;0.347305071896013;0.000404034187823562
1.78850710900474;0.297166679591514;0.114138993076622;0.346748573809067;0.000493594423335521
1.80568720379147;0.314768409989764;0.114078597935403;0.328622874031675;0.000583154658847481
1.8228672985782;0.315310638894993;0.114018202794184;0.328258745653797;0.000672714894359441
1.84004739336493;0.315852867800222;0.113957807652966;0.327894617275919;0.0007622751298714
1.85722748815166;0.316395096705451;0.113897412511747;0.327530488898041;0.000851835365383361
1.87440758293839;0.32467494899284;0.113837017370528;0.321651225529327;0.00094139560089532
1.89158767772512;0.335947319886834;0.113615516832975;0.312409112026994;0.00103095583640728
1.90876777251185;0.339119561509937;0.113162123021221;0.305853500934406;0.00112051607191924
1.92594786729858;0.342291803133041;0.112708729209467;0.303933640072472;0.00126997244009325
1.94312796208531;0.345464044756144;0.112255335397713;0.302013779210538;0.00164405230817604
1.96030805687204;0.348636286379248;0.111801941585959;0.300093918348605;0.00201813217625883
1.97748815165877;0.344811504671016;0.111348547774205;0.298174057486671;0.00239221204434161
1.9946682464455;0.340191404927274;0.110895153962451;0.296254196624737;0.0027662919124244
2.01184834123223;0.341924012782139;0.108548433439303;0.309504715315596;0.00314037178050718
2.02902843601896;0.34371964660935;0.104487269400228;0.30411827758237;0.00265762115470219
2.04620853080569;0.345515280436561;0.106296763711493;0.298731839849143;-0.000933860750224807
2.06338862559242;0.360231477221505;0.108541305995507;0.293345402115916;-0.000475235660157908
2.08056872037915;0.347045525884149;0.110785848279521;0.305478109646742;-1.66105700910091E-05
2.09774881516588;0.346579800845031;0.113030390563535;0.296265283817359;0.00044201451997589
2.11492890995261;0.352501571977323;0.114618480494789;0.287052457987975;0.000900639610042788
2.13210900473934;0.358423343109614;0.115522399817323;0.277839632158592;0.0013592647001097
2.14928909952607;0.364345114241906;0.116426319139857;0.275585679710689;0.0018178897901766
2.1664691943128;0.370266885374198;0.117330238462391;0.27571552926431;0.00221064716260498
2.18364928909953;0.376360476853011;0.118234157784925;0.27584537881793;0.00260109825279705
2.20082938388626;0.383101139887762;0.119138077107459;0.275975228371551;0.00299154934298912
2.21800947867299;0.386224897073261;0.120041996429993;0.271565070301924;0.00338200043318121
2.23518957345972;0.386820361692919;0.120945915752527;0.266854727458365;0.00377245152337327
2.25236966824645;0.387415826312578;0.121849835075061;0.262144384614805;0.00416290261356535
2.26954976303318;0.388011290932236;0.122753754397595;0.259108488658751;0.00455335370375742
2.28672985781991;0.388606755551894;0.123657673720129;0.259217906398551;0.00494380479394949
2.30390995260664;0.389323398068454;0.124091634272954;0.259327324138352;0.00533425588414157
2.32109004739336;0.393589735593447;0.124313582632776;0.259436741878152;0.00572470697433363
2.33827014218009;0.39785607311844;0.124535530992599;0.257915061873118;0.00611515806452571
2.35545023696682;0.401677507259065;0.124757479352422;0.253586193791357;0.0063070651112414
2.37263033175355;0.401886090986468;0.124979427712245;0.249257325709596;0.00643691466486203
2.38981042654028;0.402094674713872;0.125201376072068;0.244928457627835;0.00656676421848265
2.40699052132701;0.402303258441275;0.126192827592865;0.242696856178072;0.00669661377210328
2.42417061611374;0.402511842168678;0.127237283324409;0.242791487736819;0.0068264633257239
2.44135071090047;0.405566697464636;0.128281739055953;0.242886119295565;0.00695631287934453
2.4585308056872;0.408879973203414;0.129326194787497;0.242980750854311;0.00709946476313664
2.47571090047393;0.412193248942192;0.130370650519041;0.240843666347782;0.00736253658605639
2.49289099526066;0.41550652468097;0.131415106250585;0.236422598212603;0.00762560840897612
2.51007109004739;0.41752215003683;0.132058070762048;0.232001530077425;0.00788868023189588
2.52725118483412;0.418465371297662;0.132692890801972;0.227580461942246;0.00815175205481562
2.54443127962085;0.419408592558493;0.133327710841895;0.225994109701796;0.00841482387773537
2.56161137440758;0.420351813819325;0.133962530881818;0.226158998023854;0.00867789570065511
2.57879146919431;0.421295035080157;0.134597350921741;0.226323886345912;0.00895898309646962
2.59597156398104;0.422238256340989;0.135232170961664;0.22648877466797;0.00926320205066651
2.61315165876777;0.423289132313498;0.135828047448994;0.223766834813903;0.00956742100486341
2.6303317535545;0.431277284482531;0.13640014828604;0.219282441034348;0.0098716399590603
2.64751184834123;0.433809316888265;0.136972249123087;0.214798047254793;0.0101758589132572
2.66469194312796;0.434593887961664;0.137544349960134;0.210313653475238;0.0104800778674541
2.68187203791469;0.435378459035063;0.13811645079718;0.209801007870297;0.010784296821651
2.69905213270142;0.436163030108461;0.138648763155582;0.209949407360149;0.0110885157758479
2.71623222748815;0.43694760118186;0.139040537808792;0.210097806850001;0.0113927347300448
2.73341232227488;0.437732172255259;0.139432312462002;0.210028476819502;0.0116969536842417
2.75059241706161;0.440717352521384;0.139824087115212;0.205860661359825;0.0120011726384386
2.76777251184834;0.44585637189219;0.140215861768421;0.201692845900148;0.0123053915926354
2.78495260663507;0.449518649627222;0.140694132381586;0.197525030440471;0.0124714489768345
2.8021327014218;0.450114878783259;0.14158397142788;0.193357214980794;0.0123506517920949
2.81931279620853;0.450711107939296;0.142473810474174;0.192579454950444;0.0122298546073553
2.83649289099526;0.451307337095333;0.143363649520467;0.191856754029275;0.0121090574226156
2.85367298578199;0.45190356625137;0.144253488566761;0.191134053108107;0.011988260237876
2.87085308056872;0.452499795407408;0.145143327613055;0.190411352186938;0.0118674630531364
2.88803317535545;0.453096024563445;0.146033166659349;0.189688651265769;0.0117466658683968
2.90521327014218;0.455927055361636;0.145466643882453;0.188965950344601;0.0116258686836571
2.92239336492891;0.464072772537494;0.143198557448607;0.188243249423432;0.0115050714989175
2.93957345971564;0.462756974818615;0.140930471014761;0.179510496344285;0.0113842743141779
2.95675355450237;0.461441177099735;0.138662384580915;0.179946355597843;0.0108525057540198
2.9739336492891;0.460125379380855;0.136394298147069;0.180560697571962;0.00895344004099374
2.99111374407583;0.458809581661976;0.137347191534046;0.181175039546081;0.00705437432796771
3.00829383886256;0.457493783943096;0.146628815473198;0.1817893815202;0.00515530861494163
3.02547393364929;0.461127500518627;0.149396819291059;0.182403723494319;0.0100590201487861
3.04265402843602;0.467762541754518;0.15216482310892;0.180109749036334;0.0152438811551851
3.05983412322275;0.467480107506776;0.154932826926781;0.174248086406361;0.0153935978002726
3.07701421800948;0.455747272840342;0.154007651178815;0.168386423776389;0.0155433144453601
3.09419431279621;0.465588912250067;0.146718268237275;0.162685039968344;0.0156930310904477
3.11137440758294;0.476460135343767;0.148659521096127;0.162951378000132;0.0158427477355352
3.12855450236967;0.476625318109257;0.152190048494237;0.163217716031919;0.0159924643806227
3.1457345971564;0.476790500874747;0.155720575892347;0.163484054063707;0.0161421810257102
3.16291469194313;0.476955683640237;0.159251103290457;0.163750392095494;0.0162918976707978
3.18009478672986;0.477120866405727;0.162377299669497;0.160949679443941;0.0164416143158853
3.19727488151659;0.477286049171217;0.165119212118719;0.157869422206749;0.0165913309609728
3.21445497630332;0.477974752907487;0.167861124567941;0.154789164969557;0.0167246379437259
3.23163507109005;0.478892341057474;0.170603037017162;0.151708907732365;0.0167884842358716
3.24881516587678;0.47980992920746;0.172059808918038;0.148628650495172;0.0168523305280173
3.26599526066351;0.480727517357446;0.172409607715547;0.148693248279756;0.016916176820163
3.28317535545024;0.481645105507433;0.172759406513056;0.148952947386998;0.0169800231123087
3.30035545023697;0.482562693657419;0.173109205310564;0.149212646494239;0.0170438694044544
3.3175355450237;0.48338529854644;0.173459004108073;0.148986635428552;0.0171077156966
3.33471563981043;0.483816497064123;0.173971980771695;0.145640962245173;0.0171715619887457
3.35189573459716;0.484247695581807;0.176501786005419;0.142295289061795;0.0172354082808914
3.36907582938389;0.48467889409949;0.179031591239142;0.138949615878416;0.0172992545730371
3.38625592417062;0.485110092617174;0.181561396472866;0.135603942695038;0.0173631008651828
3.40343601895735;0.485541291134858;0.184091201706589;0.133475319880591;0.0174269471573285
3.42061611374408;0.485972489652541;0.185117675529865;0.133785829682727;0.0174907934494742
3.43779620853081;0.48672629937478;0.185580297421306;0.134096339484863;0.0175628549217568
3.45497630331754;0.487573491399126;0.186042919312748;0.134406849287;0.0176750594140841
3.47215639810427;0.488420683423472;0.18650554120419;0.133496549220728;0.0177872639064113
3.489336492891;0.489267875447818;0.186968163095632;0.13034836004315;0.0178994683987385
3.50651658767773;0.490115067472164;0.188268190895063;0.127200170865572;0.0180116728910658
3.52369668246445;0.490709002506107;0.190907903032737;0.124051981687994;0.018123877383393
3.54087677725118;0.491004873988999;0.19354761517041;0.120903792510416;0.0182360818757203
3.55805687203791;0.491300745471892;0.196187327308084;0.118670623293787;0.0183482863680475
3.57523696682464;0.491596616954784;0.198472288998467;0.118967422273492;0.0184604908603747
3.59241706161137;0.491892488437677;0.198849932476374;0.119264221253196;0.018572695352702
3.6095971563981;0.492230362412967;0.199227575954281;0.119561020232901;0.0186848998450292
3.62677725118483;0.493079511667789;0.199605219432189;0.118936183167837;0.0187971043373565
3.64395734597156;0.49392866092261;0.199982862910096;0.115799146995397;0.0189093088296837
3.66113744075829;0.494777810177432;0.200360506388003;0.112662110822957;0.0189707188760401
3.67831753554502;0.495626959432254;0.202198852166582;0.109525074650517;0.0190155838380884
3.69549763033175;0.496476108687076;0.204679929209608;0.106388038478077;0.0190604488001367
3.71267772511848;0.497325257941898;0.207161006252634;0.104262552983683;0.019105313762185
3.72985781990521;0.497812507128824;0.209642083295659;0.104571848762533;0.0191501787242334
3.74703791469194;0.498032704213587;0.21130266869735;0.104881144541382;0.0191950436862817
3.76421800947867;0.498252901298349;0.211418000909573;0.105190440320232;0.01923990864833
3.7813981042654;0.498473098383112;0.211533333121795;0.104853510135252;0.0192847736103783
3.79857819905213;0.498693295467875;0.211648665334017;0.101647440581108;0.0193296385724266
3.81575829383886;0.498913492552637;0.212904010256413;0.0984413710269642;0.019374503534475
3.83293838862559;0.499749234493433;0.216126363191386;0.0952353014728203;0.0194193684965233
3.85011848341232;0.500608522843835;0.219348716126359;0.0920292319186765;0.0194642334585716
3.86729857819905;0.501467811194237;0.222571069061333;0.0888231623645326;0.0195090984206199
3.88447867298578;0.502327099544638;0.225793421996306;0.088414104677081;0.0186816998842556
3.90165876777251;0.50318638789504;0.229015774931279;0.0882405222434964;0.0175367153758852
3.91883886255924;0.504045676245442;0.228437158390565;0.0880669398099118;0.0163917308675149
3.93601895734597;0.498543010002483;0.227510766559758;0.0878933573763272;0.0152467463591445
3.9531990521327;0.490853725096249;0.226584374728952;0.0877197749427426;0.0141017618507742
3.97037914691943;0.492261211813335;0.225657982898145;0.087546192509158;0.0129567773424038
3.98755924170616;0.493668698530422;0.228539488849598;0.0864911294149552;0.0118117928340334
4.00473933649289;0.495076185247508;0.234467011268456;0.0850149450158996;0.0114011727079588
4.02191943127962;0.496483671964595;0.237833442019026;0.083538760616844;0.0110547053275693
4.03909952606635;0.4918620568059;0.237985163885517;0.0820625762177883;0.0121496132077939
4.05627962085308;0.49017857028668;0.238136885752007;0.0805863918187327;0.015030309187277
4.07345971563981;0.492427516512389;0.238288607618498;0.0791102074196771;0.01791100516676
4.09063981042654;0.494676462738099;0.238440329484989;0.0840751872291794;0.0207507484810829
4.10781990521327;0.496925408963808;0.238592051351479;0.0832293724897489;0.0208436489747302
4.125;0.499174355189517;0.240913790477694;0.0823835577503185;0.0209365494683775
4.14218009478673;0.501423301415226;0.243577170795567;0.0815377430108881;0.0210294499620248
4.15936018957346;0.501716514231692;0.24624055111344;0.0806919282714575;0.0211223504556721
4.17654028436019;0.501104867685679;0.248903931431312;0.0798461135320271;0.0212152509493194
4.19372037914692;0.500493221139667;0.251567311749185;0.0790002987925967;0.0213081514429667
4.21090047393365;0.499881574593655;0.254014002213875;0.0781544840531662;0.021401051936614
4.22808056872038;0.499269928047642;0.254714917318487;0.0773086693137358;0.0214939524302612
4.24526066350711;0.49865828150163;0.2554158324231;0.0764628545743054;0.0215868529239085
4.26244075829384;0.498046634955618;0.256116747527712;0.0756170398348749;0.0216797534175558
4.27962085308057;0.497434988409606;0.256817662632325;0.0752468088337744;0.0217726539112031
4.2968009478673;0.496823341863593;0.257518577736937;0.0750625887774062;0.0218655544048504
4.31398104265403;0.496211695317581;0.260905179970473;0.074878368721038;0.0219493679155353
4.33116113744076;0.495600048771569;0.265184524622067;0.0746941486646698;0.0220271009816484
4.34834123222749;0.495152267940192;0.26946386927366;0.0745099286083016;0.0221048340477614
4.36552132701422;0.494882450685916;0.270696080418209;0.0743257085519334;0.0221825671138745
4.38270142180095;0.494612633431639;0.271291545037867;0.0735382788624317;0.0222603001799875
4.39988151658768;0.494342816177363;0.271887009657525;0.0726561775469751;0.0223380332461005
4.41706161137441;0.494072998923086;0.272482474277183;0.0717740762315185;0.0224157663122136
4.43424170616114;0.493803181668809;0.273077938896842;0.0708919749160618;0.0224934993783266
4.45142180094787;0.493533364414533;0.274663309384127;0.0700098736006052;0.0225712324444396
4.4686018957346;0.492831151623527;0.278903632655919;0.0691277722851486;0.0226489655105527
4.48578199052133;0.492032320327089;0.283143955927711;0.0685003781019705;0.0227266985766657
4.50296208530806;0.491233489030651;0.28615337879103;0.0683183485119001;0.0228044316427787
4.52014218009479;0.490434657734213;0.286858884562458;0.0681363189218297;0.0228821647088918
4.53732227488152;0.489635826437774;0.287564390333886;0.0679542893317593;0.0229598977750048
4.55450236966825;0.488890376344677;0.288269896105315;0.0677722597416888;0.0230376308411178
4.57168246445498;0.488520777615234;0.288975401876743;0.0675902301516184;0.0231153639072308
4.58886255924171;0.488151178885791;0.289680907648171;0.0668629862459265;0.0231930969733439
4.60604265402844;0.487781580156348;0.290993833794628;0.06595553719152;0.0232708300394569
4.62322274881517;0.487411981426905;0.29801515748375;0.0650480881371136;0.0233485631055699
4.6404028436019;0.487042382697461;0.301977270871659;0.0641406390827071;0.023426296171683
4.65758293838863;0.486672783968018;0.302504089060634;0.0632331900283007;0.023504029237796
4.67476303317536;0.486055809374436;0.303030907249609;0.0623257409738943;0.023581762303909
4.69194312796209;0.485335124617867;0.303557725438584;0.0615417309659808;0.023659495370022
4.70912322274881;0.484614439861298;0.304084543627559;0.0611259323953573;0.0237372284361351
4.72630331753555;0.483893755104728;0.304611361816534;0.0607101338247338;0.0238149615022481
4.74348341232227;0.483173070348159;0.308362958414999;0.0602943352541103;0.0238322794586098
4.760663507109;0.482456996081776;0.312397393215163;0.0598785366834869;0.0235378083140404
4.77784360189573;0.482133597193514;0.316431828015326;0.0594627381128634;0.0232433371694711
4.79502369668246;0.481810198305251;0.317220695719771;0.0590469395422399;0.0229488660249017
4.81220379146919;0.481486799416988;0.317464616720332;0.0583312694737031;0.0226543948803323
4.82938388625592;0.481163400528726;0.317708537720894;0.0575547485320114;0.022359923735763
4.84656398104265;0.480840001640463;0.317952458721455;0.0567782275903198;0.0220654525911936
4.86374407582938;0.4805166027522;0.320587061805067;0.0560017066486281;0.0217709814466242
4.88092417061611;0.477900838795174;0.323807731814561;0.0552251857069364;0.0214765103020548
4.89810426540284;0.47370417133215;0.327028401824055;0.0544486647652447;0.0211820391574855
4.91528436018957;0.469507503869127;0.330249071833549;0.0541056999992106;0.0208875680129161
4.9324644549763;0.465310836406103;0.33049449079433;0.0540495046041563;0.0205930968683467
4.94964454976303;0.46111416894308;0.328768816726621;0.053993309209102;0.0202986257237774
4.96682464454976;0.47484577153642;0.327043142658912;0.0539371138140477;0.0168095478644681
4.98400473933649;0.475527381624834;0.325317468591202;0.0538809184189934;0.0132212214611962
5.00118483412322;0.476208991713248;0.327270512923687;0.0538247230239391;0.00980676450055765
5.01836492890995;0.476890601801662;0.331411957946042;0.05337379276566;0.0143553634473276
5.03554502369668;0.471527720064398;0.336141415495208;0.0527682473896954;0.0189039623940978
5.05272511848341;0.460489707729824;0.342303704311319;0.0521627020137309;0.0211308967173394
5.06990521327014;0.461156853287963;0.348465993127431;0.0515571566377663;0.0218024044089204
5.08708530805687;0.461823998846102;0.338694254976283;0.0509516112618018;0.0224739121005015
5.1042654028436;0.462491144404241;0.33259942406842;0.0503460658858372;0.0231454197920825
5.12144549763033;0.46315828996238;0.337275553826782;0.0498972773262724;0.0238169274836635
5.13862559241706;0.463825435520519;0.341951683585144;0.0494971506026009;0.0244884351752445
5.15580568720379;0.464492581078658;0.346627813343506;0.0490970238789293;0.0251599428668255
5.17298578199052;0.464789654446957;0.351303943101868;0.0486968971552577;0.0258132201312162
5.19016587677725;0.463619127566162;0.356135437692556;0.0482967704315861;0.0258414867007118
5.20734597156398;0.462448600685367;0.361179117789968;0.0478966437079145;0.0258697532702075
5.22452606635071;0.461278073804572;0.364307663363464;0.0474965169842429;0.0258980198397031
5.24170616113744;0.460107546923777;0.365136514777716;0.0470963902605713;0.0259262864091987
5.25888625592417;0.458937020042982;0.365965366191967;0.0466962635368997;0.0259545529786944
5.2760663507109;0.457766493162187;0.366794217606219;0.0462961368132282;0.02598281954819
5.29324644549763;0.456595966281392;0.367623069020471;0.0458960100895566;0.0260110861176856
5.31042654028436;0.455425439400597;0.368451920434723;0.045495883365885;0.0260393526871812
5.32760663507109;0.454254912519802;0.369280771848975;0.0452192340695838;0.0260676192566769
5.34478672985782;0.454345083303611;0.374832327342955;0.045043852854304;0.0260958858261725
5.36196682464455;0.454971658927432;0.379975414898711;0.0448684716390241;0.0261241523956681
5.37914691943128;0.455598234551252;0.38037047840548;0.0446930904237443;0.0261524189651637
5.39632701421801;0.456224810175072;0.380765541912249;0.0445177092084644;0.0261949222572152
5.41350710900474;0.455100293487579;0.381160605419017;0.0443423279931846;0.0262691220021413
5.43068720379147;0.453240603678039;0.381555668925786;0.0441669467779047;0.0263433217470674
5.4478672985782;0.4513809138685;0.381950732432555;0.0436386554674291;0.0264175214919935
5.46504739336493;0.44952122405896;0.384213003649038;0.0430655808417235;0.0264917212369196
5.48222748815166;0.447661534249421;0.388166639703149;0.0424925062160179;0.0265659209818457
5.49940758293839;0.445801844439881;0.39212027575726;0.0419194315903122;0.0266401207267718
5.51658767772512;0.443942154630341;0.394631355840258;0.0413463569646066;0.0267143204716978
5.53376777251185;0.444161921047902;0.39554731046929;0.0408113402937958;0.0267885202166239
5.55094786729858;0.444694475245527;0.396463265098321;0.0404340415908227;0.02686271996155
5.56812796208531;0.445227029443153;0.397379219727353;0.0400567428878495;0.0269369197064761
5.58530805687204;0.445759583640778;0.398295174356385;0.0396794441848763;0.0270111194514022
5.60248815165877;0.444363121292463;0.399211128985417;0.0393021454819032;0.0270853191963283
5.6196682464455;0.442492883277271;0.400127083614449;0.03892484677893;0.0271448880638945
5.63684834123223;0.44062264526208;0.405236399231832;0.0385475480759569;0.0271943545605119
5.65402843601896;0.438752407246889;0.410323515328589;0.0382404449695309;0.0272438210571293
5.67120853080569;0.436882169231698;0.410822302502814;0.0379537641368619;0.0272932875537467
5.68838862559242;0.435011931216507;0.41132108967704;0.037667083304193;0.0273427540503641
5.70556872037915;0.433141693201315;0.411819876851265;0.037380402471524;0.0273922205469815
5.72274881516588;0.433495440433317;0.41231866402549;0.0370937216388551;0.0274416870435989
5.73992890995261;0.434030795582192;0.412817451199716;0.0368070408061861;0.0274911535402163
5.75710900473934;0.434566150731067;0.415457381029199;0.0364910160650108;0.0275406200368336
5.77428909952607;0.435101505879942;0.419733473899141;0.035943767810766;0.027590086533451
5.7914691943128;0.433467874371578;0.424009566769084;0.0353965195565213;0.0276395530300684
5.80864928909953;0.431596825832858;0.426620264091805;0.0348492713022765;0.0276890195266858
5.82582938388626;0.429725777294137;0.428308233229831;0.0343020230480318;0.0277384860233032
5.84300947867299;0.427854728755416;0.429996202367858;0.033754774793787;0.0271086655919535
5.86018957345972;0.425983680216696;0.431684171505885;0.0332075265395423;0.0263801590054066
5.87736966824645;0.424112631677975;0.433372140643911;0.0326602782852976;0.0256516524188597
5.89454976303318;0.422241583139255;0.435060109781938;0.0321130300310528;0.0249231458323128
5.91172985781991;0.416165709906778;0.436748078919965;0.0315657817768081;0.0241946392457659
5.92890995260664;0.410077466252791;0.43616045374673;0.0310185335225633;0.023466132659219
5.94609004739336;0.403989222598805;0.434537863528857;0.0304712852683186;0.0224449577822692
5.96327014218009;0.423562261725622;0.432915273310984;0.0304570842235778;0.0203302650518759
5.98045023696682;0.420688131857919;0.431292683093111;0.0307272907358523;0.0182155723214826
5.99763033175355;0.417810583305525;0.432545004803654;0.0309974972481267;0.0161008795910895
6.01481042654028;0.414933034753131;0.436840779509902;0.0312677037604011;0.0187998123642284
6.03199052132701;0.412055486200737;0.441016206185411;0.0315379102726756;0.0221543828323363
6.04917061611374;0.407320272079599;0.445100066090127;0.03180811678495;0.0255089533004443
6.06635071090047;0.404742744430607;0.449183925994844;0.0315420480957935;0.0258474659209811
6.0835308056872;0.406883407071724;0.45326778589956;0.0311491004645802;0.0256617855836783
6.10071090047393;0.409024069712841;0.437670779872338;0.0307561528333669;0.0254761052463754
6.11789099526066;0.411164732353958;0.441930931081021;0.0303632052021536;0.0252904249090726
6.13507109004739;0.412881633209959;0.446191082289704;0.0299702575709404;0.0251047445717698
6.15225118483412;0.411090176769962;0.450451233498387;0.0295773099397271;0.024919064234467
6.16943127962085;0.409298720329966;0.454711384707069;0.0291843623085138;0.0247333838971642
6.18661137440758;0.407507263889969;0.458805437706046;0.0289038457013549;0.0245477035598614
6.20379146919431;0.405715807449972;0.462029619657211;0.0287033254150669;0.0243620232225586
6.22097156398104;0.403924351009976;0.465253801608377;0.0285028051287789;0.0241763428852557
6.23815165876777;0.402132894569979;0.468477983559542;0.0283022848424908;0.0239906625479529
6.2553317535545;0.400341438129982;0.470681753413597;0.0281017645562028;0.0238049822106501
6.27251184834123;0.400328834202439;0.471445292724288;0.0279012442699147;0.0236232352993241
6.28969194312796;0.400810863704803;0.472208832034979;0.0277007239836267;0.0234465692399763
6.30687203791469;0.401292893207167;0.47297237134567;0.0275002036973387;0.0232699031806285
6.32405213270142;0.401774922709531;0.473735910656361;0.0272996834110506;0.0230932371212807
6.34123222748815;0.400307254414003;0.474499449967051;0.0270991631247626;0.0229165710619329
6.35841232227488;0.398359836547171;0.4766353275449;0.0268986428384746;0.0227399050025851
6.37559241706161;0.396412418680339;0.481331111402365;0.0266981225521866;0.0225632389432373
6.39277251184834;0.394465000813507;0.485955548031993;0.0265016264617553;0.0223865728838895
6.40995260663507;0.392517582946675;0.486524828427938;0.0263249604024076;0.0222099068245417
6.4271327014218;0.390570165079844;0.487094108823884;0.0261482943430598;0.0220332407651939
6.44431279620853;0.388622747213012;0.487663389219829;0.025971628283712;0.0218565747058461
6.46149289099526;0.388928185837929;0.488232669615775;0.0257949622243642;0.0216799086464983
6.47867298578199;0.389488806132926;0.48880195001172;0.0256182961650164;0.0215032425871505
6.49585308056872;0.390049426427923;0.489405876728108;0.0254416301056686;0.0212722895324987
6.51303317535545;0.39061004672292;0.493019604845859;0.0252649640463208;0.0210200103997501
6.53021327014218;0.388746354762968;0.49663333296361;0.025088297986973;0.0207677312670014
6.54739336492891;0.386616415509645;0.500247061081361;0.0249116319276252;0.0205154521342528
6.56457345971564;0.384486476256322;0.501397378728022;0.0247349658682774;0.0202631730015041
6.58175355450237;0.382356537002999;0.502117036469133;0.0245582998089297;0.0200108938687554
6.5989336492891;0.380226597749675;0.502836694210244;0.0243816337495819;0.0197586147360068
6.61611374407583;0.378096658496352;0.503556351951355;0.0242065587525399;0.0195063356032581
6.63329383886256;0.37749499549932;0.504276009692466;0.0240334260143791;0.0192540564705095
6.65047393364929;0.377977025001684;0.504995667433577;0.0238602932762182;0.0190017773377608
6.66765402843602;0.378459054504048;0.508672028555569;0.0236871605380573;0.0187494982050122
6.68483412322275;0.378941084006412;0.513155813141817;0.0235140277998965;0.0184972190722635
6.70201421800948;0.377932595034664;0.515784805175808;0.0233408950617356;0.0183124269810989
6.71919431279621;0.375951765586784;0.516181243812984;0.0231677623235748;0.018171660095449
6.73637440758294;0.373970936138903;0.516577682450161;0.0229946295854139;0.0180308932097992
6.75355450236967;0.371990106691023;0.516974121087337;0.022821496847253;0.0178901263241493
6.7707345971564;0.370009277243143;0.517370559724514;0.0226483641090922;0.0177493594384995
6.78791469194313;0.368028447795262;0.518267377043505;0.0224752313709313;0.0176085925528497
6.80509478672986;0.366047618347382;0.521903418944009;0.0223020986327705;0.0174678256671999
6.82227488151659;0.365859713682037;0.525539460844512;0.0221289658946096;0.01732705878155
6.83945497630332;0.36643682280924;0.529175502745016;0.0223021299338433;0.0171862918959002
6.85663507109005;0.367013931936443;0.532406613742406;0.0226021416860082;0.0170455250102504
6.87381516587678;0.367591041063646;0.532577867988643;0.0229021534381732;0.0169047581246005
6.89099526066351;0.363200204326086;0.532749122234879;0.0232021651903382;0.0167639912389507
6.90817535545024;0.356717715072257;0.532920376481116;0.0235021769425032;0.0166232243533008
6.92535545023697;0.350235225818427;0.533091630727353;0.0238021886946682;0.0167929743457339
6.9425355450237;0.343752736564598;0.533262884973589;0.0241022004468332;0.0172679544173211
6.95971563981043;0.342313114397225;0.539793600007514;0.0244022121989981;0.0177429344889083
6.97689573459716;0.345823917648823;0.54210792187355;0.0243117067941148;0.0182179145604955
6.99407582938389;0.349334720900422;0.542599940633112;0.0234614237138411;0.0186928946320827
7.01125592417062;0.349030058995471;0.543091959392674;0.0226111406335674;0.01916787470367
7.02843601895735;0.344489860686655;0.543583978152237;0.0217608575532938;0.0190079591222608
7.04561611374408;0.339949662377838;0.544075996911799;0.0209105744730201;0.0183517201721609
7.06279620853081;0.355828743350604;0.545380031635444;0.0204126258928215;0.017695481222061
7.07997630331754;0.353597633779034;0.548599190490311;0.0202425440822964;0.017039242271961
7.09715639810427;0.351366524207464;0.551818349345179;0.0200724622717713;0.016383003321861
7.114336492891;0.349135414635893;0.555037508200046;0.0199023804612461;0.0157267643717611
7.13151658767773;0.346904305064323;0.558256667054914;0.019732298650721;0.0150705254216612
7.14869668246445;0.344673195492753;0.560675487569666;0.0195622168401959;0.0148977264293495
7.16587677725119;0.342442085921183;0.561255067336222;0.0193921350296707;0.0147999999360323
7.18305687203791;0.342041631810913;0.561834647102778;0.0192220532191456;0.014702273442715
7.20023696682464;0.342562972427095;0.562414226869334;0.0190519714086205;0.0146045469493977
7.21741706161137;0.343084313043278;0.56299380663589;0.0188818895980953;0.0145068204560804
7.2345971563981;0.34360565365946;0.563573386402446;0.0187118077875702;0.0144090939627631
7.25177725118483;0.341743135152043;0.567678526873353;0.0185417259770451;0.0143113674694459
7.26895734597156;0.339318549369311;0.571816056625812;0.0183716441665199;0.0142136409761286
7.28613744075829;0.336893963586579;0.575953586378272;0.0182015623559948;0.0141159144828113
7.30331753554502;0.334469377803848;0.576935411821046;0.0180314805454697;0.014018187989494
7.32049763033175;0.332044792021116;0.577556774846298;0.0178613987349445;0.0139204614961768
7.33767772511848;0.329620206238384;0.57817813787155;0.0176913169244194;0.0138227350028595
7.35485781990521;0.329783954343975;0.578799500896802;0.0175212351138943;0.0137292356302899
7.37203791469194;0.330154953068605;0.579420863922054;0.0173511533033691;0.013640902600616
7.38921800947867;0.330525951793236;0.581653359411237;0.017181071492844;0.0135525695709422
7.4063981042654;0.330574701648871;0.585619519160935;0.0170109896823189;0.0134642365412683
7.42357819905213;0.328237676589257;0.589585678910634;0.0168409078717937;0.0133759035115944
7.44075829383886;0.325900651529643;0.591989958747654;0.0166708260612686;0.0132875704819205
7.45793838862559;0.323563626470029;0.592224498171271;0.0165007442507435;0.0131992374522467
7.47511848341232;0.321226601410415;0.592459037594888;0.0163306624402184;0.0131109044225728
7.49229857819905;0.318889576350801;0.592693577018505;0.0161605806296932;0.0130225713928989
7.50947867298578;0.316840694624548;0.593995175454233;0.0159904988191681;0.012934238363225
7.52665876777251;0.317225135331955;0.597149667312847;0.015820417008643;0.0128459053335511
7.54383886255924;0.317609576039361;0.600304159171461;0.0156503351981178;0.0127575723038773
7.56101895734597;0.317994016746768;0.603458651030075;0.0154802533875927;0.0126692392742034
7.5781990521327;0.318050215182458;0.606613142888689;0.0153101715770676;0.012575736223072
7.59537914691943;0.315828966197365;0.607603444354972;0.0151400897665424;0.0124803365510241
7.61255924170616;0.313607717212272;0.608308970743168;0.0149700079560173;0.0123849368789763
7.62973933649289;0.311386468227179;0.609014497131363;0.0147999261454922;0.0122895372069285
7.64691943127962;0.309165219242086;0.609720023519558;0.014629844334967;0.0121941375348807
7.66409952606635;0.306943970256993;0.610425549907754;0.0144597625244419;0.0120987378628329
7.68127962085308;0.3047227212719;0.612987784258054;0.0142896807139168;0.012003338190785
7.69845971563981;0.304607374890586;0.617237862874796;0.0141195989033916;0.0119079385187372
7.71563981042654;0.304985901125571;0.621487941491538;0.0139495170928665;0.0118125388466894
7.73281990521327;0.305364427360557;0.623324001183851;0.0137794352823414;0.0117171391746416
7.75;0.305742953595542;0.623553745579252;0.0136093534718162;0.0116217395025938
7.76718009478673;0.303946766504231;0.623783489974652;0.0134392716612911;0.0115263398305459
7.78436018957346;0.301705553695951;0.624013234370053;0.013269189850766;0.0114433502009715
7.80154028436019;0.299464340887671;0.625793520703921;0.0130991080402408;0.012287248633264
7.81872037914692;0.297223128079391;0.629827584471486;0.0129290262297157;0.0131311470655565
7.83590047393365;0.294981915271111;0.63386164823905;0.0127589444191906;0.013975045497849
7.85308056872038;0.292740702462831;0.637895712006615;0.0125888626086654;0.0148189439301415
7.87026066350711;0.292178816761703;0.640798144219285;0.0124187807981403;0.015662842362434
7.88744075829384;0.292545389536636;0.640104465952578;0.0122486989876152;0.0165067407947265
7.90462085308057;0.292911962311569;0.639410787685871;0.01207861717709;0.0173506392270191
7.9218009478673;0.293278535086502;0.639241787391951;0.0119085353665649;0.0181945376593116
7.93898104265403;0.275779000831472;0.642297992441295;0.0117384535560398;0.0190384360916041
7.95616113744076;0.269873298578543;0.645354197490638;0.0115683717455146;0.017430812289988
7.97334123222749;0.27123810635405;0.648410402539982;0.0113982899349895;0.0156348120442834
7.99052132701422;0.272602914129558;0.64933271783286;0.0112282081244644;0.0138388117985787
8.00770142180095;0.273967721905065;0.649837761815895;0.0110581263139392;0.012042811552874
8.02488151658768;0.275332529680573;0.65034280579893;0.0108880445034141;0.0138019991038223
8.04206161137441;0.276471409885991;0.650847849781965;0.010717962692889;0.0166812427254331
8.05924170616114;0.27756979770674;0.651352893765;0.0105478808823638;0.0195604863470442
8.07642180094787;0.278668185527488;0.653793413178794;0.0103777990718387;0.0208659607217411
8.0936018957346;0.279766573348236;0.658096653841744;0.0102077172613136;0.0193512624804916
8.11078199052133;0.275828865882988;0.662399894504694;0.0100376354507884;0.0178365642392419
8.12796208530806;0.270960832617661;0.666703135167644;0.00986755364026333;0.0163218659979926
8.14514218009479;0.266175720711301;0.670422340077501;0.00969747182973818;0.0148071677567429
8.16232227488152;0.265976012887191;0.671119577356745;0.00952739001921304;0.0132924695154932
8.17950236966825;0.265776305063082;0.67181681463599;0.00935730820868793;0.0117777712742439
8.19668246445498;0.265576597238972;0.672514051915234;0.00918722639816278;0.0102630730329942
8.21386255924171;0.265376889414862;0.673211289194479;0.00901714458763766;0.0087483747917447
8.23104265402844;0.26474693687638;0.673908526473724;0.00884706277711253;0.00797632648240989
8.24822274881517;0.262974688474396;0.678347534204428;0.00867698096658738;0.00775001726038535
8.2654028436019;0.261202440072412;0.68361141465969;0.00850689915606226;0.00752370803836083
8.28258293838863;0.259430191670427;0.686986776340201;0.00833681734553713;0.00729739881633632
8.29976303317536;0.257657943268443;0.687627203989371;0.00816673553501198;0.00707108959431177
8.31694312796209;0.255885694866458;0.688267631638541;0.00799665372448686;0.00684478037228726
8.33412322274881;0.254113446464474;0.688908059287711;0.00782657191396173;0.00661847115026274
8.35130331753555;0.252341198062489;0.689548486936881;0.00765649010343658;0.0063921619282382
8.36848341232227;0.251747613490426;0.690188914586052;0.00748640829291146;0.00616585270621368
8.385663507109;0.252031134621038;0.694056990988625;0.00731632648238633;0.00593954348418916
8.40284360189574;0.252314655751651;0.698109033796645;0.00714624467186119;0.00571323426216462
8.42002369668246;0.252598176882263;0.702161076604665;0.00697616286133606;0.00548692504014011
8.43720379146919;0.251509321524103;0.703213880474053;0.00680608105081093;0.00531237717083549
8.45438388625592;0.248832953980374;0.703919517092135;0.00663599924028579;0.00519770483776791
8.47156398104265;0.246156586436645;0.704625153710216;0.00646591742976067;0.00508303250470036
8.48874407582938;0.243480218892916;0.705330790328298;0.00629583561923553;0.00496836017163279
8.50592417061611;0.240803851349187;0.70603642694638;0.0061257538087104;0.00485368783856522
8.52310426540284;0.238127483805457;0.708799737572319;0.00595567199818526;0.00473901550549765
8.54028436018957;0.238125975683617;0.713910161445831;0.00578559018766013;0.00462434317243008
8.5574644549763;0.238478424472016;0.718729397493783;0.00561550837713501;0.00444581188942657
8.57464454976303;0.238830873260415;0.719442740570003;0.00544542656660988;0.00425147922414402
8.59182464454976;0.238940777004346;0.720156083646223;0.00527534475608473;0.00405714655886145
8.60900473933649;0.23611312754883;0.720869426722443;0.0051052629455596;0.0038628138935789
8.62618483412322;0.233285478093314;0.721582769798664;0.00493518113503448;0.00366848122829635
8.64336492890995;0.230457828637797;0.722296112874884;0.00476509932450933;0.00347414856301377
8.66054502369668;0.227630179182281;0.726041335226961;0.00459501751398421;0.00328652660279371
8.67772511848341;0.224802529726765;0.730822890456238;0.00442493570345908;0.00310736136504538
8.69490521327014;0.224197728601125;0.734930811886535;0.00425485389293393;0.00292819612729703
8.71208530805687;0.22460994940627;0.735211560566804;0.0040847720824088;0.0027490308895487
8.7292654028436;0.225022170211415;0.735492309247075;0.00391469027188368;0.00256986565180037
8.74644549763033;0.22543439101656;0.735773057927345;0.00374460846135855;0.00239070041405203
8.76362559241706;0.223701506875397;0.736332501370884;0.00357452665083341;0.00221153517630368
8.78080568720379;0.220999830891538;0.739961207130225;0.00340444484030828;0.00203236993855535
8.79798578199052;0.218298154907679;0.743589912889565;0.00323436302978315;0.00185320470080702
8.81516587677725;0.21559647892382;0.747218618648906;0.00306428121925801;0.00167403946305867
8.83234597156398;0.212894802939961;0.750847324408247;0.00289419940873288;0.00149487422531034
8.84952606635071;0.210518464690381;0.752117693475454;0.00272411759820775;0.00131570898756201
8.86670616113744;0.210819168919818;0.753169063753436;0.00255403578768261;0.00123447095485154
8.88388625592417;0.211119873149255;0.754220434031417;0.00238395397715748;0.00470065903925555
8.9010663507109;0.211420577378692;0.755271804309399;0.00221387216663235;0.00816684712365955
8.91824644549763;0.21172128160813;0.75632317458738;0.00204379035610722;0.0116330352080636
8.93542654028436;0.190300465984808;0.757374544865362;0.00187370854558208;0.0150992232924679
8.95260663507109;0.186168021815833;0.758456234585285;0;0
8.96978672985782;0.188217559777887;0.759549154395924;0;0
8.98696682464455;0.190267097739941;0.760642074206563;0;0
9.00414691943128;0.192316635701995;0.761734994017202;0;0
9.02132701421801;0.191574906463896;0.762827913827841;0;0
9.03850710900474;0.182631263932689;0.762582196358366;0;0
9.05568720379147;0.189092825053334;0.760805187165117;0;0
9.0728672985782;0.195554386173979;0.759741273999707;0;0
9.09004739336493;0.199548608007198;0.760207672396385;0;0
9.10722748815166;0.198011436624813;0.760674070793063;0;0
9.12440758293839;0.196474265242427;0.763070775420353;0;0
9.14158767772512;0.194937093860042;0.767464133156963;0;0
9.15876777251185;0.193399922477657;0.771857490893573;0;0
9.17594786729858;0.191862751095272;0.775286736465819;0;0
9.19312796208531;0.190325579712886;0.775319714130231;0;0
9.21030805687204;0.188788408330501;0.775352691794643;0;0
9.22748815165877;0.188494198517688;0.775385669459054;0;0
9.2446682464455;0.188411701166877;0.775697593281431;0;0
9.26184834123223;0.188329203816067;0.776976440323423;0;0
9.27902843601896;0.188246706465257;0.778255287365414;0;0
9.29620853080569;0.188164209114447;0.779534134407406;0;0
9.31338862559242;0.187492810207426;0.780812981449397;0;0
9.33056872037915;0.186067810188067;0.782091828491389;0;0
9.34774881516588;0.184642810168708;0.78337067553338;0;0
9.36492890995261;0.183217810149349;0.784649522575372;0;0
9.38210900473934;0.18179281012999;0.785036046517271;0;0
9.39928909952607;0.180367810110631;0.785151468342712;0;0
9.4164691943128;0.179512308288628;0.785266890168152;0;0
9.43364928909953;0.180111541671702;0.785406884414631;0;0
9.45082938388626;0.180710775054776;0.786776358138211;0;0
9.46800947867299;0.18131000843785;0.78814583186179;0;0
9.48518957345972;0.181260134207771;0.78951530558537;0;0
9.50236966824644;0.179653196262101;0.79088477930895;0;0
9.51954976303318;0.178046258316431;0.792254253032529;0;0
9.53672985781991;0.176439320370761;0.793623726756109;0;0
9.55390995260663;0.174832382425091;0.794993200479688;0;0
9.57109004739337;0.173225444479421;0.795645872396066;0;0
9.58827014218009;0.171618506533751;0.796133131361334;0;0
9.60545023696682;0.170011568588081;0.796620390326602;0;0
9.62263033175356;0.169668717016686;0.79710764929187;0;0
9.63981042654028;0.169471349433205;0.797594908257137;0;0
9.65699052132701;0.169273981849724;0.798432031934921;0;0
9.67417061611374;0.169076614266243;0.799692290437822;0;0
9.69135071090047;0.168879246682762;0.800952548940724;0;0
9.7085308056872;0.168485372182846;0.802212807443625;0;0
9.72571090047393;0.167145971659052;0.803473065946527;0;0
9.74289099526066;0.165806571135258;0.804733324449428;0;0
9.76007109004739;0.164467170611464;0.80538299351412;0;0
9.77725118483412;0.163127770087671;0.80588681894263;0;0
9.79443127962085;0.161788369563877;0.80639064437114;0;0
9.81161137440758;0.160967982924562;0.806894469799651;0;0
9.82879146919431;0.161571745232591;0.807398295228161;0;0
9.84597156398104;0.162175507540619;0.809212670930469;0;0
9.86315165876777;0.162779269848648;0.812094458646585;0;0
9.8803317535545;0.1596709936317;0.814976246362701;0;0
9.89751184834123;0.15390543628281;0.817858034078817;0;0
9.91469194312796;0.148139878933919;0.820540175452368;0;0
9.93187203791469;0.142374321585029;0.818861656012843;0;0
9.94905213270142;0.137980456317105;0.817183136573319;0;0
9.96623222748815;0.140700850511399;0.815504617133795;0;0
9.98341232227488;0.143421244705692;0.816730710149705;0;0
10.0005924170616;0.146141638899986;0.820569859914958;0;0
10.0177725118483;0.143353012217993;0.824409009680211;0;0
10.0349526066351;0.135511594804928;0.825057219594944;0;0
10.0521327014218;0.139693553624629;0.824912919538514;0;0
10.0693127962085;0.143875512444329;0.824768619482083;0;0
10.0864928909953;0.14805747126403;0.824624319425652;0;0
10.103672985782;0.151407806263264;0.824480019369221;0;0
10.1208530805687;0.150320484741597;0.824335719312791;0;0
10.1380331753555;0.149233163219929;0.82419141925636;0;0
10.1552132701422;0.148145841698262;0.824184171042761;0;0
10.1723933649289;0.147058520176594;0.824184171042761;0;0
10.1895734597156;0.145971198654927;0.824184171042761;0;0
10.2067535545024;0.145136972890409;0.824473246569939;0;0
10.2239336492891;0.14483198817372;0.825901591659766;0;0
10.2411137440758;0.144527003457031;0.827329936749593;0;0
10.2582938388626;0.144222018740342;0.82875828183942;0;0
10.2754739336493;0.143917034023653;0.830186626929246;0;0
10.292654028436;0.143612049306964;0.831614972019073;0;0
10.3098341232227;0.14294637723199;0.8330433171089;0;0
10.3270142180095;0.142087088881588;0.834306929044469;0;0
10.3441943127962;0.141227800531187;0.834206694301324;0;0
10.3613744075829;0.140368512180785;0.834106459558178;0;0
10.3785545023697;0.139509223830384;0.834006224815032;0;0
10.3957345971564;0.138649935479983;0.833905990071886;0;0
10.4129146919431;0.137842220689737;0.835223818765648;0;0
10.4300947867299;0.137326322463222;0.836544371730902;0;0
10.4472748815166;0.136810424236708;0.837864924696155;0;0
10.4644549763033;0.136294526010194;0.839185477661408;0;0
10.48163507109;0.135778627783679;0.840506030626662;0;0
10.4988151658768;0.135262729557165;0.841826583591915;0;0
10.5159952606635;0.13474683133065;0.843147136557169;0;0
10.5331753554502;0.134187599455721;0.84364107689614;0;0
10.550355450237;0.133612374766484;0.843585427087445;0;0
10.5675355450237;0.133037150077248;0.843529777278751;0;0
10.5847156398104;0.132461925388011;0.843474127470056;0;0
10.6018957345972;0.131886700698775;0.844507972247749;0;0
10.6190758293839;0.131311476009538;0.84582486183837;0;0
10.6362559241706;0.130668674137953;0.84714175142899;0;0
10.6534360189573;0.129911412741164;0.848458641019611;0;0
10.6706161137441;0.129154151344376;0.849775530610231;0;0
10.6877962085308;0.128396889947588;0.851092420200852;0;0
10.7049763033175;0.127639628550799;0.852409309791472;0;0
10.7221563981043;0.126882367154011;0.853253893450381;0;0
10.739336492891;0.126125105757222;0.853765745928092;0;0
10.7565165876777;0.125367844360434;0.854277598405802;0;0
10.7736966824645;0.124610582963646;0.854789450883513;0;0
10.7908767772512;0.123853321566857;0.855301303361223;0;0
10.8080568720379;0.123096060170069;0.855958311754365;0;0
10.8252369668246;0.122747906087132;0.85711020295584;0;0
10.8424170616114;0.122520189628566;0.858262094157314;0;0
10.8595971563981;0.122292473169999;0.859413985358788;0;0
10.8767772511848;0.122064756711433;0.860565876560262;0;0
10.8939573459716;0.121837040252867;0.861717767761736;0;0
10.9111374407583;0.121609323794301;0.86286965896321;0;0
10.928317535545;0.12076222376073;0.863285959977655;0;0
10.9454976303318;0.119859844254114;0.86367836247486;0;0
10.9626777251185;0.118957464747497;0.864070764972065;0;0
10.9798578199052;0.118055085240881;0.86446316746927;0;0
10.9970379146919;0.117152705734265;0.864855569966475;0;0
11.0142180094787;0.116250326227648;0.865761113945871;0;0
11.0313981042654;0.115646276588776;0.866866538717218;0;0
11.0485781990521;0.115458375076446;0.867971963488566;0;0
11.0657582938389;0.115270473564115;0.869077388259914;0;0
11.0829383886256;0.115082572051784;0.870182813031262;0;0
11.1001184834123;0.114894670539454;0.87128823780261;0;0
11.1172985781991;0.114706769027123;0.872175889401725;0;0
11.1344786729858;0.113744525053416;0.872788615340704;0;0
11.1516587677725;0.112595070873368;0.873401341279683;0;0
11.1688388625592;0.111445616693319;0.874014067218662;0;0
11.186018957346;0.110296162513271;0.874626793157641;0;0
11.2031990521327;0.109146708333222;0.87523951909662;0;0
11.2203791469194;0.107997254153173;0.876137639329126;0;0
11.2375592417062;0.107729820838505;0.877047588903726;0;0
11.2547393364929;0.107488737681503;0.877957538478326;0;0
11.2719194312796;0.107247654524501;0.878867488052926;0;0
11.2890995260664;0.1070065713675;0.879777437627526;0;0
11.3062796208531;0.106765488210498;0.880687387202125;0;0
11.3234597156398;0.10633024109045;0.881375984629729;0;0
11.3406398104265;0.105438000679413;0.882061113661346;0;0
11.3578199052133;0.104545760268376;0.882746242692962;0;0
11.375;0.103653519857338;0.883431371724579;0;0
11.3921800947867;0.102761279446301;0.884116500756195;0;0
11.4093601895735;0.101869039035264;0.885060138172661;0;0
11.4265402843602;0.100976798624226;0.886315826163718;0;0
11.4437203791469;0.100637019636272;0.887571514154774;0;0
11.4609004739336;0.10043737427942;0.888827202145831;0;0
11.4780805687204;0.100237728922569;0.890082890136887;0;0
11.4952606635071;0.100038083565718;0.89116938054884;0;0
11.5124407582938;0.0998384382088662;0.891596549173835;0;0
11.5296208530806;0.0995004992489339;0.89202371779883;0;0
11.5468009478673;0.0985550285861029;0.892450886423825;0;0
11.563981042654;0.0976095579232718;0.89287805504882;0;0
11.5811611374408;0.0966640872604406;0.893305223673816;0;0
11.5983412322275;0.0957186165976096;0.894239160930983;0;0
11.6155213270142;0.0947731459347785;0.895296681966012;0;0
11.6327014218009;0.0938276752719473;0.896354203001041;0;0
11.6498815165877;0.0932449820133148;0.89741172403607;0;0
11.6670616113744;0.0928291834426913;0.898469245071099;0;0
11.6842417061611;0.0924133848720678;0.899526766106128;0;0
11.7014218009479;0.0919975863014443;0.899885586415123;0;0
11.7186018957346;0.0915817877308207;0.899815169402291;0;0
11.7357819905213;0.0911659891601972;0.899744752389459;0;0
11.7529620853081;0.0905944859581423;0.899674335376628;0;0
11.7701421800948;0.089591448442394;0.90053843685299;0;0
11.7873222748815;0.0885884109266458;0.90188501107577;0;0
11.8045023696682;0.0875853734108974;0.903231585298551;0;0
11.821682464455;0.0865823358951492;0.90457815952133;0;0
11.8388625592417;0.0859501608331201;0.905924733744111;0;0
11.8560426540284;0.0865030686098273;0.907271307966891;0;0
11.8732227488152;0.0870559763865344;0.908617882189671;0;0
11.8904028436019;0.0876088841632415;0.909959520067927;0;0
11.9075829383886;0.0830257288856935;0.910777873529085;0;0
11.9247630331754;0.0729536872213614;0.911596226990243;0;0
11.9419431279621;0.0654903838529865;0.912414580451401;0;0
11.9591232227488;0.0670696457249647;0.913232933912559;0;0
11.9763033175355;0.0686489075969431;0.914051287373716;0;0
11.9934834123223;0.0702281694689214;0.914694956442285;0;0
12.010663507109;0.0718074313408996;0.914799228330529;0;0
12.0278436018957;0.0702272988607211;0.914903500218773;0;0
12.0450236966825;0.0622194369541287;0.915007772107017;0;0
12.0622037914692;0.068839703084758;0.915112043995261;0;0
12.0793838862559;0.0754599692153874;0.915216315883505;0;0
12.0965639810427;0.0801472869769766;0.91532058777175;0;0
12.1137440758294;0.0798417586155163;0.915511025681066;0;0
12.1309241706161;0.079536230254056;0.915847778369577;0;0
12.1481042654028;0.0792307018925956;0.916184531058088;0;0
12.1652843601896;0.0789251735311353;0.916521283746598;0;0
12.1824644549763;0.078619645169675;0.916858036435109;0;0
12.199644549763;0.0783141168082147;0.91719478912362;0;0
12.2168246445498;0.0780085884467543;0.917531541812131;0;0
12.2340047393365;0.077703060085294;0.917868294500641;0;0
12.2511848341232;0.0773975317238337;0.918205047189152;0;0
12.26836492891;0.0770920033623734;0.918541799877663;0;0
12.2855450236967;0.0768096495141511;0.918878552566174;0;0
12.3027251184834;0.0765276904834319;0.919215305254684;0;0
12.3199052132701;0.0762457314527128;0.919486161394735;0;0
12.3370853080569;0.0759637724219936;0.919705387913834;0;0
12.3542654028436;0.0756818133912745;0.919924614432934;0;0
12.3714454976303;0.0753998543605554;0.920143840952034;0;0
12.3886255924171;0.0751178953298362;0.920363067471134;0;0
12.4058056872038;0.074835936299117;0.920582293990234;0;0
12.4229857819905;0.0745539772683979;0.920801520509333;0;0
12.4401658767773;0.0742720182376787;0.920990437134658;0;0
12.457345971564;0.0739900592069596;0.921175936496973;0;0
12.4745260663507;0.0737081001762405;0.921361435859288;0;0
12.4917061611374;0.0736246088707613;0.921546935221603;0;0
12.5088862559242;0.073570645419906;0.921732434583919;0;0
12.5260663507109;0.0735166819690507;0.921917933946234;0;0
12.5432464454976;0.0734627185181954;0.922136797740397;0;0
12.5604265402844;0.0734087550673401;0.922463276618072;0;0
12.5776066350711;0.0733547916164848;0.922789755495746;0;0
12.5947867298578;0.0732359138302316;0.923116234373421;0;0
12.6119668246445;0.0728705684195007;0.923442713251096;0;0
12.6291469194313;0.0725052230087697;0.92376919212877;0;0
12.646327014218;0.0721398775980388;0.924095671006445;0;0
12.6635071090047;0.0717745321873078;0.924422149884119;0;0
12.6806872037915;0.0714091867765769;0.924748628761794;0;0
12.6978672985782;0.071043841365846;0.925075107639468;0;0
12.7150473933649;0.0707696017918824;0.925401586517143;0;0
12.7322274881517;0.0705115314595297;0.925728065394818;0;0
12.7494075829384;0.070253461127177;0.926009496051691;0;0
12.7665876777251;0.0699953907948243;0.925972396179229;0;0
12.7837677725118;0.0697373204624716;0.925935296306766;0;0
12.8009478672986;0.0694792501301189;0.925898196434303;0;0
12.8181279620853;0.0692211797977663;0.92586109656184;0;0
12.835308056872;0.0689631094654136;0.925823996689377;0;0
12.8524881516588;0.0687050391330609;0.925786896816914;0;0
12.8696682464455;0.0684469688007082;0.926087774442025;0;0
12.8868483412322;0.0681888984683555;0.926782410351972;0;0
12.904028436019;0.0679308281360028;0.927477046261918;0;0
12.9212085308057;0.0676591793956216;0.928171682171864;0;0
12.9383886255924;0.0673698003904099;0.928866318081811;0;0
12.9555687203791;0.0670804213851981;0.929560953991757;0;0
12.9727488151659;0.0667910423799863;0.929899105328446;0;0
12.9899289099526;0.0665016633747746;0.930130104534348;0;0
13.0071090047393;0.0662122843695628;0.93036110374025;0;0
13.0242890995261;0.065922905364351;0.930592102946152;0;0
13.0414691943128;0.0656335263591392;0.930823102152054;0;0
13.0586492890995;0.0653441473539275;0.931054101357956;0;0
13.0758293838863;0.0650547683487157;0.931276280419788;0;0
13.093009478673;0.0647653893435039;0.931482016076174;0;0
13.1101895734597;0.0644760103382921;0.93168775173256;0;0
13.1273696682464;0.0642383712031257;0.931893487388946;0;0
13.1445497630332;0.0641102080073443;0.932099223045332;0;0
13.1617298578199;0.0639820448115629;0.932304958701718;0;0
13.1789099526066;0.0638538816157815;0.932510694358104;0;0
13.1960900473934;0.06372571842;0.932786647803893;0;0
13.2132701421801;0.0635975552242186;0.933094576745336;0;0
13.2304502369668;0.0634693920284372;0.933402505686779;0;0
13.2476303317536;0.0632464088855653;0.933710434628222;0;0
13.2648104265403;0.0629743431541696;0.934018363569665;0;0
13.281990521327;0.062702277422774;0.934326292511109;0;0
13.2991706161137;0.0624302116913783;0.934634221452552;0;0
13.3163507109005;0.0621581459599827;0.934942150393995;0;0
13.3335308056872;0.0618860802285871;0.935250079335438;0;0
13.3507109004739;0.0616190770536956;0.935558008276881;0;0
13.3678909952607;0.061363902321145;0.935865937218324;0;0
13.3850710900474;0.0611087275885944;0.936173866159767;0;0
13.4022511848341;0.0608535528560439;0.936486056751269;0;0
13.4194312796209;0.0605983781234933;0.936801405667205;0;0
13.4366113744076;0.0603432033909427;0.937116754583141;0;0
13.4537914691943;0.0600880286583922;0.937432103499077;0;0
13.470971563981;0.0598328539258416;0.937747452415013;0;0
13.4881516587678;0.059577679193291;0.938062801330949;0;0
13.5053317535545;0.0593225044607405;0.938378150246885;0;0
13.5225118483412;0.0590673297281899;0.938693499162821;0;0
13.539691943128;0.0588121549956393;0.939008848078757;0;0
13.5568720379147;0.0585569802630888;0.939324196994692;0;0
13.5740521327014;0.0583118631376624;0.939639545910628;0;0
13.5912322274882;0.0580680639757625;0.939954894826564;0;0
13.6084123222749;0.0578242648138625;0.940242999593153;0;0
13.6255924170616;0.0575804656519625;0.940499325984716;0;0
13.6427725118483;0.0573366664900625;0.940755652376279;0;0
13.6599526066351;0.0570928673281626;0.941011978767842;0;0
13.6771327014218;0.0568490681662626;0.941268305159405;0;0
13.6943127962085;0.0566052690043626;0.941524631550968;0;0
13.7114928909953;0.0563614698424626;0.94178095794253;0;0
13.728672985782;0.0561176706805627;0.941967169432496;0;0
13.7458530805687;0.0558738715186627;0.942135805216419;0;0
13.7630331753555;0.0556300723567627;0.942304441000342;0;0
13.7802132701422;0.0553793335341821;0.942473076784265;0;0
13.7973933649289;0.0550936645162168;0.942641712568188;0;0
13.8145734597156;0.0548079954982515;0.942810348352111;0;0
13.8317535545024;0.0545223264802862;0.942999165080439;0;0
13.8489336492891;0.0542366574623209;0.943314513996375;0;0
13.8661137440758;0.0539509884443556;0.943629862912311;0;0
13.8832938388626;0.0536653194263902;0.943945211828246;0;0
13.9004739336493;0.0533796504084249;0.944260560744182;0;0
13.917654028436;0.0530939813904596;0.944575909660118;0;0
13.9348341232227;0.0528083123724943;0.944891258576053;0;0
13.9520142180095;0.052522643354529;0.945206607491989;0;0
13.9691943127962;0.0522369743365637;0.945521956407925;0;0
13.9863744075829;0.05195929324926;0.945837305323861;0;0
14.0035545023697;0.0518243846221216;0.946152654239796;0;0
14.0207345971564;0.0516894759949832;0.946468003155732;0;0
14.0379146919431;0.0515545673678449;0.946775533169006;0;0
14.0550947867299;0.0514196587407065;0.946775533169006;0;0
14.0722748815166;0.0512847501135682;0.946775533169006;0;0
14.0894549763033;0.0511498414864298;0.946775533169006;0;0
14.10663507109;0.0509613090053155;0.946775533169006;0;0
14.1238151658768;0.0506892432739199;0.946775533169006;0;0
14.1409952606635;0.0504171775425242;0.946775533169006;0;0
14.1581753554502;0.0501451118111286;0.947014931086953;0;0
14.175355450237;0.0498730460797329;0.947674835201402;0;0
14.1925355450237;0.0496009803483373;0.948334739315851;0;0
14.2097156398104;0.0493295661946564;0.9489946434303;0;0
14.2268957345972;0.0490780109618581;0.94965454754475;0;0
14.2440758293839;0.0488264557290599;0.950314451659199;0;0
14.2612559241706;0.0485749004962617;0.950681926581066;0;0
14.2784360189573;0.0483233452634635;0.950905225813438;0;0
14.2956161137441;0.0480717900306653;0.95112852504581;0;0
14.3127962085308;0.0478202347978671;0.951351824278182;0;0
14.3299763033175;0.0475686795650689;0.951575123510554;0;0
14.3471563981043;0.0473171243322707;0.951798422742925;0;0
14.364336492891;0.0470655690994725;0.952003838966723;0;0
14.3815165876777;0.0468140138666743;0.952155611172254;0;0
14.3986966824645;0.0465624586338761;0.952307383377785;0;0
14.4158767772512;0.0463109034010779;0.952459155583315;0;0
14.4330568720379;0.0460337554931368;0.952610927788846;0;0
14.4502369668246;0.0457406665006788;0.952762699994377;0;0
14.4674170616114;0.0454475775082207;0.952914472199907;0;0
14.4845971563981;0.0451544885157627;0.95317987926711;0;0
14.5017772511848;0.0448613995233046;0.953524908081016;0;0
14.5189573459716;0.0445683105308466;0.953869936894922;0;0
14.5361374407583;0.0442752215383885;0.954214965708829;0;0
14.553317535545;0.0439821325459305;0.954559994522735;0;0
14.5704976303318;0.0436890435534724;0.954905023336641;0;0
14.5876777251185;0.0433959545610144;0.955250052150547;0;0
14.6048578199052;0.0431028655685563;0.955595080964453;0;0
14.6220379146919;0.0428097765760982;0.955940109778359;0;0
14.6392180094787;0.0425708514725617;0.956285138592265;0;0
14.6563981042654;0.0423853521102467;0.956630167406171;0;0
14.6735781990521;0.0421998527479317;0.956975196220078;0;0
14.6907582938389;0.0420143533856167;0.957173884713022;0;0
14.7079383886256;0.0418288540233016;0.957210984585485;0;0
14.7251184834123;0.0416433546609866;0.957248084457948;0;0
14.7422985781991;0.0414578552986716;0.957285184330411;0;0
14.7594786729858;0.0413597615932421;0.957322284202875;0;0
14.7766587677725;0.0412781418738234;0.957359384075338;0;0
14.7938388625592;0.0411965221544046;0.957396483947801;0;0
14.811018957346;0.0411149024349859;0.957715893189355;0;0
14.8281990521327;0.0410332827155672;0.958100141868437;0;0
14.8453791469194;0.0409516629961484;0.958484390547519;0;0
14.8625592417062;0.0408700432767297;0.9588686392266;0;0
14.8797393364929;0.040788423557311;0.959252887905682;0;0
14.8969194312796;0.0407068038378922;0.959637136584764;0;0
14.9140995260664;0.0406251841184735;0.960174770530491;0;0
14.9312796208531;0.0405435643990548;0.960816662431103;0;0
14.9484597156398;0.040461944679636;0.961458554331715;0;0
14.9656398104265;0.0403803249602173;0.962100446232326;0;0
14.9828199052133;0.0402987052407986;0.962742338132938;0;0
15;0.0402170855213798;0.963300507600883;0;0
